suburb,address,sale_price,sale_date,property_type,bedrooms,bathrooms,car_spaces,land_size_sqm,building_size_sqm,year_built,distance_to_cbd_km,distance_to_train_km,distance_to_beach_km,school_zone,strata_or_council_notes,agent_description,listing_url
Newtown,"95 Station Street, Newtown NSW 2042",1842000,2026-09-13,House,2,1,1,166.7,,,4,0.3,8.0,,,,
Newtown,"21 Sloane Street, Newtown NSW 2042",2000000,2026-09-11,House,4,3,0,151.9,,,4,0.3,8.0,,,,
Newtown,"9/63-69 Lord Street, Newtown NSW 2042",820000,2026-09-07,Unit,2,1,1,79.0,,,4,0.3,8.0,,,,
Newtown,"11/94 Alice Street, Newtown NSW 2042",510000,2026-09-04,Studio,0,1,1,51.0,,,4,0.3,8.0,,,,
Newtown,"217/88 King Street, Newtown NSW 2042",430000,2026-09-04,Studio,0,1,1,,,,4,0.3,8.0,,,,
Newtown,"31/55 King Street, Newtown NSW 2042",1225000,2026-09-03,Unit,2,2,1,104.0,,,4,0.3,8.0,,,,
Newtown,"10/2-6 Brown Street, Newtown NSW 2042",920000,2026-08-31,Unit,2,1,1,73.0,,,4,0.3,8.0,,,,
Newtown,"G03/10 Fitzgerald Street, Newtown NSW 2042",1180000,2026-08-07,Unit,2,2,1,,,,4,0.3,8.0,,,,
Newtown,"6/134-146 Enmore Road, Newtown NSW 2042",1100000,2026-08-06,Unit,2,2,1,106.0,,,4,0.3,8.0,,,,
Newtown,"402/32 Alice Street, Newtown NSW 2042",1060000,2026-07-31,Unit,2,2,1,114.0,,,4,0.3,8.0,,,,
Newtown,"7/1 Gladstone Street, Newtown",770000,2026-07-25,Unit,1,1,0,58.0,,,4,0.3,8.0,,,,
Newtown,"411/88 King Street, Newtown",558000,2026-07-22,Studio,0,1,1,60.0,,,4,0.3,8.0,,,,
Newtown,"204/63 Enmore Road, Newtown",820000,2026-07-17,Unit,1,1,1,,,,4,0.3,8.0,,,,
Newtown,"58/546-562 King Street, Newtown",790000,2026-07-17,Unit,1,1,1,65.0,,,4,0.3,8.0,,,,
Newtown,"121/88 King Street, Newtown",402500,2026-07-15,Studio,1,1,0,,,,4,0.3,8.0,,,,
Newtown,"9/70-74 Wilson Street, Newtown",1100000,2026-07-01,Unit,2,1,1,,,,4,0.3,8.0,,,,
Newtown,"63/546-562 King Street, Newtown",1000000,2026-06-19,Unit,2,1,2,,,,4,0.3,8.0,,,,
Newtown,"34/2-6 Brown Street, Newtown",922000,2026-06-18,Unit,2,1,1,76.0,,,4,0.3,8.0,,,,
Newtown,"29/3-13 Erskineville Road, Newtown",655000,2026-06-13,Unit,1,1,0,,,,4,0.3,8.0,,,,
Newtown,"4/112 Enmore Road, Newtown",1325000,2026-05-28,Unit,3,2,2,,,,4,0.3,8.0,,,,
Newtown,"67/19-23 Queen Street, Newtown",700000,2026-05-27,Unit,1,1,1,66.0,,,4,0.3,8.0,,,,
Newtown,"3/83-91 Wilson Street, Newtown",1240000,2026-05-27,Unit,2,1,1,103.0,,,4,0.3,8.0,,,,
Newtown,"506/38 Alice Street, Newtown",850000,2026-05-16,Unit,1,1,1,,,,4,0.3,8.0,,,,
Newtown,"407/38 Alice Street, Newtown",670000,2026-05-15,Unit,1,1,0,,,,4,0.3,8.0,,,,
Newtown,"15/617-623 King Street, Newtown",775000,2026-05-14,Unit,1,1,1,,,,4,0.3,8.0,,,,
Newtown,"13/1A Gowrie Street, Newtown",845000,2026-05-07,Unit,1,1,0,72.0,,,4,0.3,8.0,,,,
Newtown,"61/155 Missenden Road, Newtown",827000,2026-05-06,Unit,1,1,1,,,,4,0.3,8.0,,,,
Newtown,"9/85-91 Chelmsford Street, Newtown",500000,2026-05-05,Studio,0,1,1,,,,4,0.3,8.0,,,,
Newtown,"28/37 Iredale Street, Newtown",787000,2026-04-30,Unit,1,1,1,,,,4,0.3,8.0,,,,
Newtown,"304/63-71 Enmore Road, Newtown",1175000,2026-04-24,Unit,2,2,1,111.0,,,4,0.3,8.0,,,,
Newtown,"411/21 Enmore Road, Newtown",1050000,2026-04-24,Unit,1,1,1,,,,4,0.3,8.0,,,,
Newtown,"3/7-9 Pemell Lane, Newtown",1495000,2026-04-23,Townhouse,2,1,2,,,,4,0.3,8.0,,,,
Newtown,"20/104 Alice Street, Newtown",685000,2026-04-20,Unit,1,1,1,56.0,,,4,0.3,8.0,,,,
Castle Hill,"25/1-11 Rosa Crescent, Castle Hill",825000,2026-09-11,Unit,2,2,2,,,,32,1.5,35.0,,,,
Castle Hill,"22/49-55 Cecil Avenue, Castle Hill",1140000,2026-09-04,Unit,3,2,2,,,,32,1.5,35.0,,,,
Castle Hill,"9/2-4 Purser Avenue, Castle Hill",935000,2026-09-04,Unit,2,2,1,,,,32,1.5,35.0,,,,
Castle Hill,"307/11 Fishburn Crescent, Castle Hill",855000,2026-08-31,Unit,2,2,1,,,,32,1.5,35.0,,,,
Castle Hill,"10/2-4 Purser Avenue, Castle Hill",1150000,2026-08-25,Unit,3,2,2,,,,32,1.5,35.0,,,,
Castle Hill,"405/27 Ashford Avenue, Castle Hill",632000,2026-08-13,Unit,1,1,1,87.0,,,32,1.5,35.0,,,,
Castle Hill,"29/2-6 Sherwin Avenue, Castle Hill",895000,2026-08-06,Unit,2,2,2,,,,32,1.5,35.0,,,,
Castle Hill,"53/2-4 Purser Avenue, Castle Hill",680000,2026-07-31,Unit,1,1,1,,,,32,1.5,35.0,,,,
Castle Hill,"11/7-15 Purser Avenue, Castle Hill",942000,2026-07-31,Unit,2,2,2,,,,32,1.5,35.0,,,,
Castle Hill,"727/19 Partridge Avenue, Castle Hill",832000,2026-07-31,Unit,2,2,1,,,,32,1.5,35.0,,,,
Castle Hill,"706/16 Middleton Avenue, Castle Hill",960000,2026-07-22,Unit,2,2,1,,,,32,1.5,35.0,,,,
Castle Hill,"701/25 Dawes Avenue, Castle Hill",1092000,2026-07-21,Unit,3,2,2,,,,32,1.5,35.0,,,,
Castle Hill,"35/1-7 Hume Avenue, Castle Hill",1080000,2026-07-17,Unit,3,2,2,,,,32,1.5,35.0,,,,
Castle Hill,"23/11 Garthowen Crescent, Castle Hill",1224000,2026-07-08,Unit,3,2,2,,,,32,1.5,35.0,,,,
Castle Hill,"1318/301 Old Northern Road, Castle Hill",550000,2026-07-02,Unit,1,1,1,96.0,,,32,1.5,35.0,,,,
Castle Hill,"811/2 Mandala Parade, Castle Hill",899000,2026-06-26,Unit,2,2,1,,,,32,1.5,35.0,,,,
Castle Hill,"11 Brunette Drive, Castle Hill",1955000,2026-09-17,House,4,2,2,695.0,,,32,1.5,35.0,,,,
Castle Hill,"28 Ferguson Avenue, Castle Hill",2300000,2026-09-14,House,4,3,3,923.0,,,32,1.5,35.0,,,,
Castle Hill,"6 Woodvale Place, Castle Hill",2900000,2026-09-11,House,5,3,3,900.0,,,32,1.5,35.0,,,,
Castle Hill,"60 Womurrung Avenue, Castle Hill",5200000,2026-09-11,House,5,5,6,1284.0,,,32,1.5,35.0,,,,
Castle Hill,"135 Ridgecrop Drive, Castle Hill",2315000,2026-09-10,House,5,3,2,802.0,,,32,1.5,35.0,,,,
Castle Hill,"19 Galahad Crescent, Castle Hill",2560000,2026-08-29,House,5,3,2,950.0,,,32,1.5,35.0,,,,
Castle Hill,"12 Barcote Place, Castle Hill",2450000,2026-08-26,House,5,3,2,741.0,,,32,1.5,35.0,,,,
Castle Hill,"61 Cambewarra Avenue, Castle Hill",3550000,2026-08-25,House,5,5,4,923.0,,,32,1.5,35.0,,,,
Castle Hill,"19 Clarke Place, Castle Hill",2700000,2026-08-24,House,4,3,2,902.0,,,32,1.5,35.0,,,,
Castle Hill,"11 Tristan Court, Castle Hill",2325000,2026-08-24,House,5,3,3,,,,32,1.5,35.0,,,,
Castle Hill,"66 David Road, Castle Hill",2312000,2026-08-22,House,5,3,4,741.0,,,32,1.5,35.0,,,,
Castle Hill,"6 Bordeaux Crescent, Castle Hill",2320000,2026-08-21,House,5,4,2,450.0,,,32,1.5,35.0,,,,
Castle Hill,"62 Excelsior Avenue, Castle Hill",1950000,2026-08-21,House,3,1,1,1037.0,,,32,1.5,35.0,,,,
Castle Hill,"57 Church Street, Castle Hill",2776000,2026-08-20,House,4,2,3,916.0,,,32,1.5,35.0,,,,
Castle Hill,"5 Heritage Park Drive, Castle Hill",2428000,2026-05-30,House,4,2,2,595.0,,,32,1.5,35.0,,,,
Cronulla,"22 Chelmsford Avenue, Cronulla",4500000,2026-09-16,House,5,3,2,,,,28,0.8,0.5,,,,
Cronulla,"8/16-18 Waratah Street, Cronulla",980000,2026-09-11,Unit,2,1,1,,,,28,0.8,0.5,,,,
Cronulla,"27b Connels Road, Cronulla",2740000,2026-09-09,Semi-detached,4,3,2,,,,28,0.8,0.5,,,,
Cronulla,"6/26 Bando Road, Cronulla",630000,2026-09-09,Unit,1,1,0,,,,28,0.8,0.5,,,,
Cronulla,"14/4-8 Ocean Street, Cronulla",1057000,2026-09-04,Unit,2,1,1,,,,28,0.8,0.5,,,,
Cronulla,"9/27-31 Burke Road, Cronulla",1005000,2026-09-03,Unit,2,1,1,,,,28,0.8,0.5,,,,
Cronulla,"2/20-22 Gosport Street, Cronulla",971000,2026-08-28,Unit,2,1,1,,,,28,0.8,0.5,,,,
Cronulla,"14b/1 McDonald Street, Cronulla",1200000,2026-08-20,Unit,1,1,1,,,,28,0.8,0.5,,,,
Cronulla,"2 Bay Lane, Cronulla",4300000,2026-08-12,House,4,2,2,720.0,,,28,0.8,0.5,,,,
Cronulla,"10/19-23 Marlo Road, Cronulla",1090000,2026-08-10,Unit,2,1,2,129.0,,,28,0.8,0.5,,,,
Cronulla,"58 Hume Road, Cronulla",3040000,2026-02-19,House,3,2,2,,,,28,0.8,0.5,,,,
Cronulla,"4E Bate Bay Road, Cronulla",3210000,2026-02-18,Semi-detached,3,3,2,,,,28,0.8,0.5,,,,
Cronulla,"3/32-36 Flinders Road, Cronulla",2150000,2026-02-13,Villa,3,2,2,235.0,,,28,0.8,0.5,,,,
Cronulla,"29 Mitchell Road, Cronulla",6300000,2026-02-12,House,5,5,4,607.0,,,28,0.8,0.5,,,,
Cronulla,"7 Howie Avenue, Cronulla",3008000,2026-02-07,House,3,1,2,581.0,,,28,0.8,0.5,,,,
Cronulla,"2B Pioneer Road, Cronulla",4300000,2026-02-04,Duplex,3,2,2,,,,28,0.8,0.5,,,,
Cronulla,"11A Holland Street, Cronulla",3010000,2026-01-30,Semi-detached,4,3,2,,,,28,0.8,0.5,,,,
Cronulla,"9b Alfred Avenue, Cronulla",3200000,2026-01-24,House,4,3,2,349.0,,,28,0.8,0.5,,,,
Cronulla,"190 Nicholson Parade, Cronulla",3875000,2026-01-23,House,5,4,2,,,,28,0.8,0.5,,,,
Cronulla,"173 Ewos Parade, Cronulla",4550000,2025-12-18,House,4,1,2,,,,28,0.8,0.5,,,,
Cronulla,"34b Wilshire Avenue, Cronulla",2750000,2025-12-18,Semi-detached,3,3,3,,,,28,0.8,0.5,,,,
Cronulla,"2/11 Rostrevor Street, Cronulla",2450000,2025-12-17,Semi-detached,3,2,2,,,,28,0.8,0.5,,,,
Cronulla,"44 Trevellyan Street, Cronulla",4350000,2025-12-12,House,5,3,2,,,,28,0.8,0.5,,,,
Cronulla,"7 Gunnamatta Road, Cronulla",3170000,2025-12-11,House,5,3,2,600.0,,,28,0.8,0.5,,,,
Cronulla,"130 Ewos Parade, Cronulla",3850000,2025-12-03,House,6,3,6,,,,28,0.8,0.5,,,,
Cronulla,"12 Bate Bay Road, Cronulla",2415000,2025-11-29,House,3,2,1,,,,28,0.8,0.5,,,,
Cronulla,"7b Alfred Avenue, Cronulla",3270000,2025-11-28,Semi-detached,4,3,1,,,,28,0.8,0.5,,,,
Cronulla,"46 Kirkwood Road, Cronulla",3850000,2025-11-22,House,4,2,2,714.0,,,28,0.8,0.5,,,,
Cronulla,"9B Coronation Avenue, Cronulla",2640000,2025-11-22,House,3,2,2,415.0,,,28,0.8,0.5,,,,
Cronulla,"16 Sturt Road, Cronulla",2400000,2025-11-15,House,4,1,2,575.0,,,28,0.8,0.5,,,,
Cronulla,"175 Ewos Parade, Cronulla",4805000,2025-11-15,House,3,2,2,,,,28,0.8,0.5,,,,
Cronulla,"21 Green Street, Cronulla",2050000,2025-11-15,House,5,3,1,600.0,,,28,0.8,0.5,,,,
Cronulla,"3 Portsmouth Street, Cronulla",3450000,2025-11-14,House,4,3,2,537.0,,,28,0.8,0.5,,,,
